{"cameraMode":{"drawMode":0,"name":"Shaded","section":"Shading Mode"},"sceneLighting":false,"audioPlay":false,"sceneViewState":{"m_AlwaysRefresh":false,"showFog":true,"showSkybox":false,"showFlares":true,"showImageEffects":true,"showParticleSystems":true,"showVisualEffectGraphs":true,"m_FxEnabled":false},"in2DMode":false,"pivot":{"x":0.000050067901611328125,"y":0.5717888474464417,"z":-0.165391206741333},"rotation":{"x":-0.061304982751607898,"y":0.6347888112068176,"z":-0.05062711983919144,"w":-0.7685891389846802},"size":3.5291690826416017,"orthographic":false}